0,-,0 GGAUACGAUCGGUCUGACCCCG 22 (2),A1,22,1.999
7,+,7 GAUCGGUCUGACCCCGGGGGAGU 30 (120),A2,23,2
7,+,7 GAUCGGUCUGACCCCGGGGGA 28 (90),A3,21,2.001
7,+,7 GAUCGGUCUGACCCCGGGGGAG 29 (373),A4,22,2.002
88,+,28 GUCACCCGGGGACAGGCCGUC 49 (362),A5,21,2.003
88,+,28 GUCACCCGGGGACAGGCCGUCA 50 (20),A6,22,2.004
88,+,28 GUCACCCGGGGACAGGCCGUCAA 51 (1),A7,23,2.005
111,-,51 GGCCUUGUUCCAGGAUGGGACUC 74 (3),A8,23,1.998
111,-,51 GGCCUUGUUCCAGGAUGGGAC 72 (1),A9,21,1.997
111,-,51 GGCCUUGUUCCAGGAUGGGACU 73 (1),A10,22,1.996
137,+,77 CUUCUACAACGCUAUCAUUGAUG 100 (3),A11,23,2.006
163,+,103 AGUAGAGAUCAGACAAACGAU 124 (2),A12,21,2.007
183,+,123 UCGCAGCGAUGACAAACCUGCAA 146 (1),A13,23,2.008
205,+,145 AGAUCAAACCCAACAGAUUGUUC 168 (2),A14,23,2.009
227,+,167 CCGUUCAUACGGAGCCUUCUG 188 (1),A15,21,2.01
248,-,188 AUGCCAACAACCGGACCGGCGUC 211 (1),A16,23,1.995
269,+,209 UCCAUUCCGGACGACACCCUG 230 (1),A17,21,2.011
293,+,233 AAGCACACUCUCAGGUCAGAGA 255 (2),A18,22,2.012
315,+,255 CCUCGACCUACAAUUUGACUGUG 278 (2),A19,23,2.013
335,+,275 GUGGGGGACACAGGGUCAGGGCU 298 (1),A20,23,2.014
335,+,275 GUGGGGGACACAGGGUCAGGGC 297 (1),A21,22,2.015
357,+,297 UAAUUGUCUUUUUCCCUGGAUU 319 (1),A22,22,2.016
357,+,297 UAAUUGUCUUUUUCCCUGGAUUC 320 (3),A23,23,2.017
357,+,297 UAAUUGUCUUUUUCCCUGGAU 318 (2),A24,21,2.018
380,+,320 CCUGGCUCAAUUGUAGGUGCUC 342 (1),A25,22,2.019
380,+,320 CCUGGCUCAAUUGUAGGUGCUCA 343 (1),A26,23,2.02
401,+,341 CACUACACACUGCAGGGCAAUG 363 (1),A27,22,2.021
422,+,362 GGGAACUACGAGUUCGAUCAG 383 (1),A28,21,2.022
441,+,381 AGAUGCUCCUGACUGCCCAGAA 403 (5),A29,22,2.023
441,+,381 AGAUGCUCCUGACUGCCCAGAAC 404 (6),A30,23,2.024
464,+,404 CUACCGGCCAGUUACAACUACUG 427 (3),A31,23,2.025
464,+,404 CUACCGGCCAGUUACAACUAC 425 (1),A32,21,2.026
484,+,424 CUGCAGGCUAGUGAGUCGGAG 445 (2),A33,21,2.027
22,-, ,A1,22,1.999
30,+, ,A2,23,2
28,+, ,A3,21,2.001
89,+, ,A4,22,2.002
109,+, ,A5,21,2.003
110,+, ,A6,22,2.004
111,+, ,A7,23,2.005
134,-, ,A8,23,1.998
132,-, ,A9,21,1.997
133,-, ,A10,22,1.996
160,+, ,A11,23,2.006
184,+, ,A12,21,2.007
206,+, ,A13,23,2.008
228,+, ,A14,23,2.009
248,+, ,A15,21,2.01
271,-, ,A16,23,1.995
290,+, ,A17,21,2.011
315,+, ,A18,22,2.012
338,+, ,A19,23,2.013
358,+, ,A20,23,2.014
357,+, ,A21,22,2.015
379,+, ,A22,22,2.016
380,+, ,A23,23,2.017
378,+, ,A24,21,2.018
402,+, ,A25,22,2.019
403,+, ,A26,23,2.02
423,+, ,A27,22,2.021
443,+, ,A28,21,2.022
463,+, ,A29,22,2.023
464,+, ,A30,23,2.024
487,+, ,A31,23,2.025
485,+, ,A32,21,2.026
505,+, ,A33,21,2.027
