5,+,5 ACGAUGGGUCUGACCCUCUGGGA 28 (4),A1,23,2
7,+,7 GAUGGGUCUGACCCUCUGGGAG 29 (5),A2,22,2.001
7,+,7 GAUGGGUCUGACCCUCUGGGA 28 (16),A3,21,2.002
7,+,7 GAUGGGUCUGACCCUCUGGGAGU 30 (11),A4,23,2.003
30,+,30 CACGAAUUAACGUGGCUACUAG 52 (5),A5,22,2.004
75,+,75 CACGUUAGUGGCUCCUCUUCUU 97 (3),A6,22,2.005
75,+,75 CACGUUAGUGGCUCCUCUUCUUG 98 (1),A7,23,2.006
97,+,97 GAUGAUUCUGCCACCAUGAGUGA 120 (5),A8,23,2.007
97,+,97 GAUGAUUCUGCCACCAUGAGUG 119 (5),A9,22,2.008
97,+,97 GAUGAUUCUGCCACCAUGAGU 118 (1),A10,21,2.009
121,+,121 AUUUUCAACAGUCCACAGGCGC 143 (1),A11,22,2.01
143,+,143 GAAGCACGAUCUCAGCAGCGUUC 166 (1),A12,23,2.011
189,+,189 AGACGUGGAAGAACUCUUGAUC 211 (249),A13,22,2.012
189,+,189 AGACGUGGAAGAACUCUUGAU 210 (7),A14,21,2.013
189,+,189 AGACGUGGAAGAACUCUUGAUCC 212 (21),A15,23,2.014
211,+,211 CCUAAAGUUUGGGUGCCACCUGA 234 (1),A16,23,2.015
231,+,231 UGAGGAUCCGCUUGCCAGCCC 252 (1),A17,21,2.016
253,+,253 AGUCGACUGGCAAAGUUCCUCAG 276 (11),A18,23,2.017
253,+,253 AGUCGACUGGCAAAGUUCCUCA 275 (4),A19,22,2.018
253,+,253 AGUCGACUGGCAAAGUUCCUC 274 (3),A20,21,2.019
276,+,276 AGAGAACGGCUACAAAGUUUU 297 (1),A21,21,2.02
276,+,276 AGAGAACGGCUACAAAGUUUUGC 299 (1),A22,23,2.021
297,+,297 GCAGCCACGGUCUCUGCCCGA 318 (2),A23,21,2.022
297,+,297 GCAGCCACGGUCUCUGCCCGAGA 320 (2),A24,23,2.023
297,+,297 GCAGCCACGGUCUCUGCCCGAG 319 (2),A25,22,2.024
318,+,318 GAAUGAGGAGUAUGAGACCGAC 340 (14),A26,22,2.025
318,+,318 GAAUGAGGAGUAUGAGACCGACC 341 (4),A27,23,2.026
318,-,318 GAAUGAGGAGUAUGAGACCGA 339 (1),A28,21,1.999
339,-,339 CCAAAUACUCCCAGACUUAGC 360 (2),A29,21,1.998
360,+,360 AUGGAUGCGACAGAUAGAAGGG 382 (4),A30,22,2.027
383,-,383 CUGUUUUAAAACCCACUCUAUC 405 (1),A31,22,1.997
403,+,403 UCUCUCCCUAUUGGAGAUCAG 424 (1),A32,21,2.028
426,-,426 GUACUUCCCAAAGUACUACCCA 448 (3),A33,22,1.996
28,+, ,A1,23,2
29,+, ,A2,22,2.001
28,+, ,A3,21,2.002
30,+, ,A4,23,2.003
52,+, ,A5,22,2.004
97,+, ,A6,22,2.005
98,+, ,A7,23,2.006
120,+, ,A8,23,2.007
119,+, ,A9,22,2.008
118,+, ,A10,21,2.009
143,+, ,A11,22,2.01
166,+, ,A12,23,2.011
211,+, ,A13,22,2.012
210,+, ,A14,21,2.013
212,+, ,A15,23,2.014
234,+, ,A16,23,2.015
252,+, ,A17,21,2.016
276,+, ,A18,23,2.017
275,+, ,A19,22,2.018
274,+, ,A20,21,2.019
297,+, ,A21,21,2.02
299,+, ,A22,23,2.021
318,+, ,A23,21,2.022
320,+, ,A24,23,2.023
319,+, ,A25,22,2.024
340,+, ,A26,22,2.025
341,+, ,A27,23,2.026
339,-, ,A28,21,1.999
360,-, ,A29,21,1.998
382,+, ,A30,22,2.027
405,-, ,A31,22,1.997
424,+, ,A32,21,2.028
448,-, ,A33,22,1.996
